invoice_no,stock_code,description,quantity,invoice_date,unit_price_gbp,customer_id,country
536390,85123A,WHITE HANGING HEART T-LIGHT HOLDER,64,2010-12-01 10:19:00,2.55,17511,United Kingdom
536537,22333,RETROSPOT PARTY BAG + STICKER SET,8,2010-12-01 13:51:00,1.65,15922,United Kingdom
536562,22752,SET 7 BABUSHKA NESTING BOXES,2,2010-12-01 15:08:00,8.5,13468,United Kingdom
536592,20725,LUNCH BAG RED RETROSPOT,2,2010-12-01 17:06:00,4.21,,United Kingdom
536627,22697,GREEN REGENCY TEACUP AND SAUCER,12,2010-12-02 10:53:00,2.95,15658,United Kingdom
536635,84029E,RED WOOLLY HOTTIE WHITE HEART.,8,2010-12-02 11:22:00,3.75,15955,United Kingdom
536798,21911,GARDEN METAL SIGN ,12,2010-12-02 15:55:00,1.65,17838,United Kingdom
536862,22188,BLACK HEART CARD HOLDER,1,2010-12-03 11:13:00,8.47,,United Kingdom
536876,85169D,PINK LOVE BIRD CANDLE,1,2010-12-03 11:36:00,2.51,,United Kingdom
536947,21210,SET OF 72 RETROSPOT PAPER  DOILIES,12,2010-12-03 12:29:00,1.45,13013,United Kingdom
536981,84029G,KNITTED UNION FLAG HOT WATER BOTTLE,1,2010-12-03 14:26:00,3.75,14723,United Kingdom
537047,22080,RIBBON REEL POLKADOTS ,1,2010-12-05 11:02:00,1.65,13069,United Kingdom
537050,22712,CARD DOLLY GIRL ,12,2010-12-05 11:10:00,0.42,14800,United Kingdom
537135,21481,FAWN BLUE HOT WATER BOTTLE,2,2010-12-05 12:35:00,2.95,17059,United Kingdom
537201,84341B,SMALL PINK MAGIC CHRISTMAS TREE,12,2010-12-05 14:19:00,0.85,12472,Germany
537237,21916,SET 12 RETRO WHITE CHALK STICKS,3,2010-12-06 09:58:00,0.85,,United Kingdom
537240,22607,WOODEN ROUNDERS GARDEN SET ,1,2010-12-06 10:08:00,16.98,,United Kingdom
537374,22744,MAKE YOUR OWN MONSOON CARD KIT,1,2010-12-06 12:55:00,2.95,17259,United Kingdom
537375,22466,FAIRY TALE COTTAGE NIGHTLIGHT,6,2010-12-06 12:55:00,1.95,17019,United Kingdom
537390,84946,ANTIQUE SILVER TEA GLASS ETCHED,6,2010-12-06 13:47:00,1.25,16658,United Kingdom
537440,22844,VINTAGE CREAM DOG FOOD CONTAINER,1,2010-12-06 17:16:00,8.5,17869,United Kingdom
537489,22551,PLASTERS IN TIN SPACEBOY,12,2010-12-07 11:33:00,1.65,17017,United Kingdom
537758,22149,FELTCRAFT 6 FLOWER FRIENDS,6,2010-12-08 11:41:00,2.1,16122,United Kingdom
537955,85123A,WHITE HANGING HEART T-LIGHT HOLDER,14,2010-12-09 11:28:00,2.95,16782,United Kingdom
538035,22756,LARGE YELLOW BABUSHKA NOTEBOOK ,3,2010-12-09 13:03:00,1.25,16065,United Kingdom
538071,22411,JUMBO SHOPPER VINTAGE RED PAISLEY,3,2010-12-09 14:09:00,4.21,,United Kingdom
538170,22652,TRAVEL SEWING KIT,2,2010-12-09 19:32:00,1.65,13969,United Kingdom
538177,72800E,4 IVORY DINNER CANDLES SILVER FLOCK,3,2010-12-10 09:51:00,3.36,,United Kingdom
538177,84031A,CHARLIE+LOLA RED HOT WATER BOTTLE ,6,2010-12-10 09:51:00,4.21,,United Kingdom
538183,22627,MINT KITCHEN SCALES,2,2010-12-10 10:21:00,8.5,16265,United Kingdom
538349,22942,CHRISTMAS LIGHTS 10 SANTAS ,1,2010-12-10 14:59:00,8.47,,United Kingdom
538364,21865,PINK UNION JACK  PASSPORT COVER ,1,2010-12-10 17:26:00,2.1,14448,United Kingdom
538524,22494,EMERGENCY FIRST AID TIN ,2,2010-12-13 09:35:00,2.51,,United Kingdom
538651,22261,FELT EGG COSY WHITE RABBIT ,1,2010-12-13 15:07:00,0.85,15311,United Kingdom
538799,21481,FAWN BLUE HOT WATER BOTTLE,1,2010-12-14 11:48:00,2.95,15039,United Kingdom
538855,85135C,RED DRAGONFLY HELICOPTER,4,2010-12-14 13:50:00,7.95,16503,United Kingdom
538878,22726,ALARM CLOCK BAKELIKE GREEN,8,2010-12-14 15:43:00,3.75,13767,United Kingdom
538890,22153,ANGEL DECORATION STARS ON DRESS,5,2010-12-14 16:39:00,0.42,12867,United Kingdom
539053,22093,MOTORING TISSUE BOX,1,2010-12-15 16:32:00,1.25,16725,United Kingdom
539311,22670,FRENCH WC SIGN BLUE METAL,24,2010-12-16 17:53:00,1.25,14643,United Kingdom
539325,21481,FAWN BLUE HOT WATER BOTTLE,6,2010-12-17 08:20:00,2.95,13004,United Kingdom
539332,22197,SMALL POPCORN HOLDER,200,2010-12-17 09:45:00,0.72,12931,United Kingdom
539434,85088,CANDY SPOT HAND BAG,1,2010-12-17 14:41:00,4.21,,United Kingdom
539436,22317,FIVE CATS HANGING DECORATION,1,2010-12-17 14:49:00,5.91,,United Kingdom
539437,22314,OFFICE MUG WARMER CHOC+BLUE,1,2010-12-17 14:54:00,5.91,,United Kingdom
539437,84949,SILVER HANGING T-LIGHT HOLDER,1,2010-12-17 14:54:00,3.36,,United Kingdom
539451,21485,RETROSPOT HEART HOT WATER BOTTLE,3,2010-12-17 16:59:00,11.02,,United Kingdom
539451,90073,VINTAGE ENAMEL & CRYSTAL EARRINGS,1,2010-12-17 16:59:00,5.09,,United Kingdom
539453,20867,PINK ROSE FABRIC MIRROR,1,2010-12-17 17:08:00,2.51,,United Kingdom
539468,82483,WOOD 2 DRAWER CABINET WHITE FINISH,10,2010-12-19 13:31:00,5.95,15044,United Kingdom
539475,22197,SMALL POPCORN HOLDER,1,2010-12-19 14:41:00,0.85,16686,United Kingdom
539595,22593,CHRISTMAS GINGHAM STAR,1,2010-12-20 13:43:00,1.66,,United Kingdom
539722,22965,3 TRADITIONAl BISCUIT CUTTERS  SET,6,2010-12-21 13:45:00,2.1,14911,EIRE
539739,22502,PICNIC BASKET WICKER SMALL,1,2010-12-21 15:19:00,8.47,,United Kingdom
539739,22719,GUMBALL MONOCHROME COAT RACK,1,2010-12-21 15:19:00,2.51,,United Kingdom
539933,22113,GREY HEART HOT WATER BOTTLE,4,2010-12-23 11:24:00,3.75,15235,United Kingdom
539958,21731,RED TOADSTOOL LED NIGHT LIGHT,1,2010-12-23 13:26:00,3.36,,United Kingdom
539958,22263,FELT EGG COSY LADYBIRD ,4,2010-12-23 13:26:00,0.81,,United Kingdom
539988,22766,PHOTO FRAME CORNICE,2,2010-12-23 16:06:00,2.95,18116,United Kingdom
540154,47594A,CAROUSEL DESIGN WASHBAG,1,2011-01-05 11:30:00,1.66,,United Kingdom
540352,82552,WASHROOM METAL SIGN,1,2011-01-06 14:27:00,2.51,,United Kingdom
540357,22629,SPACEBOY LUNCH BOX ,12,2011-01-06 15:14:00,1.95,13093,United Kingdom
540418,22201,FRYING PAN BLUE POLKADOT,1,2011-01-07 11:04:00,3.36,,United Kingdom
540551,22117,METAL SIGN HER DINNER IS SERVED ,2,2011-01-10 09:43:00,1.66,,United Kingdom
540821,21787,RAIN PONCHO RETROSPOT,1,2011-01-11 13:16:00,1.66,,United Kingdom
540977,90116,FRUIT SALAD BAG CHARM,1,2011-01-12 15:01:00,2.51,,United Kingdom
541011,84755,COLOUR GLASS T-LIGHT HOLDER HANGING,16,2011-01-13 11:26:00,0.65,15447,United Kingdom
541215,85123A,WHITE HANGING HEART T-LIGHT HOLDER,12,2011-01-14 13:42:00,2.95,14329,United Kingdom
541279,22132,RED LOVE HEART SHAPE CUP,12,2011-01-17 11:55:00,0.85,18223,United Kingdom
541422,21209,MULTICOLOUR HONEYCOMB FAN,2,2011-01-17 17:48:00,1.63,,United Kingdom
541485,21161,KEEP OUT BOYS DOOR HANGER ,1,2011-01-18 13:05:00,1.45,18118,United Kingdom
541596,21703,BAG 125g SWIRLY MARBLES,5,2011-01-19 16:18:00,0.42,17602,United Kingdom
541604,22752,SET 7 BABUSHKA NESTING BOXES,2,2011-01-19 17:23:00,8.5,14572,United Kingdom
541695,84913B,MINT GREEN ROSE TOWEL,1,2011-01-20 18:01:00,3.29,,United Kingdom
541711,22960,JAM MAKING SET WITH JARS,36,2011-01-21 11:18:00,3.75,14646,Netherlands
541816,22229,BUNNY WOODEN PAINTED WITH FLOWER ,3,2011-01-21 15:56:00,0.85,17799,United Kingdom
541827,21731,RED TOADSTOOL LED NIGHT LIGHT,1,2011-01-21 17:05:00,3.29,,United Kingdom
541830,22074,6 RIBBONS SHIMMERING PINKS ,1,2011-01-21 17:09:00,0.83,,United Kingdom
541842,85049F,BABY BOOM RIBBONS ,2,2011-01-23 12:07:00,1.25,16085,United Kingdom
541844,22176,BLUE OWL SOFT TOY,4,2011-01-23 12:19:00,2.95,16931,United Kingdom
541854,22367,CHILDRENS APRON SPACEBOY DESIGN,1,2011-01-23 14:58:00,1.95,18283,United Kingdom
541916,22970,LONDON BUS COFFEE MUG,24,2011-01-24 11:34:00,2.55,17861,United Kingdom
541997,22928,YELLOW GIANT GARDEN THERMOMETER,14,2011-01-25 10:38:00,5.95,18077,United Kingdom
542107,22794,SWEETHEART WIRE MAGAZINE RACK,2,2011-01-25 13:38:00,7.95,16222,United Kingdom
542131,22783,SET 3 WICKER OVAL BASKETS W LIDS,8,2011-01-25 15:55:00,7.95,16133,United Kingdom
542229,22333,RETROSPOT PARTY BAG + STICKER SET,8,2011-01-26 13:38:00,1.65,12474,Germany
542369,22631,CIRCUS PARADE LUNCH BOX ,12,2011-01-27 13:08:00,1.95,12645,Germany
542374,22073,RED RETROSPOT STORAGE JAR,4,2011-01-27 13:40:00,3.75,15696,United Kingdom
542530,22726,ALARM CLOCK BAKELIKE GREEN,4,2011-01-28 13:08:00,3.75,15365,United Kingdom
542625,21100,CHARLIE AND LOLA CHARLOTTE BAG,2,2011-01-31 09:50:00,4.13,,United Kingdom
542647,22697,GREEN REGENCY TEACUP AND SAUCER,6,2011-01-31 11:46:00,2.95,18245,United Kingdom
542664,22697,GREEN REGENCY TEACUP AND SAUCER,1,2011-01-31 12:14:00,5.79,,United Kingdom
542713,22212,FOUR HOOK  WHITE LOVEBIRDS,6,2011-01-31 13:27:00,2.1,12668,Germany
542789,21754,HOME BUILDING BLOCK WORD,18,2011-02-01 10:38:00,5.45,17511,United Kingdom
543022,21165,BEWARE OF THE CAT METAL SIGN ,3,2011-02-02 14:37:00,1.69,16771,United Kingdom
543044,22646,CERAMIC STRAWBERRY CAKE MONEY BANK,12,2011-02-03 08:18:00,1.45,17071,United Kingdom
543045,22549,PICTURE DOMINOES,12,2011-02-03 09:04:00,1.45,14309,United Kingdom
543120,48138,DOORMAT UNION FLAG,2,2011-02-03 13:53:00,7.95,13668,United Kingdom
543132,22029,SPACEBOY BIRTHDAY CARD,12,2011-02-03 15:27:00,0.42,15235,United Kingdom
543161,48129,DOORMAT TOPIARY,2,2011-02-03 17:01:00,7.95,14497,United Kingdom
543188,22699,ROSES REGENCY TEACUP AND SAUCER ,6,2011-02-04 11:45:00,2.95,12567,France
543192,21703,BAG 125g SWIRLY MARBLES,192,2011-02-04 11:55:00,0.42,17381,United Kingdom
543237,22328,ROUND SNACK BOXES SET OF 4 FRUITS ,2,2011-02-04 13:39:00,4.13,,United Kingdom
543251,22698,PINK REGENCY TEACUP AND SAUCER,6,2011-02-04 14:51:00,2.95,14194,United Kingdom
543273,21122,SET/10 PINK POLKADOT PARTY CANDLES,4,2011-02-06 11:29:00,1.25,16456,United Kingdom
543300,21212,PACK OF 72 RETROSPOT CAKE CASES,24,2011-02-07 11:42:00,0.55,13334,United Kingdom
543467,22098,BOUDOIR SQUARE TISSUE BOX,1,2011-02-08 14:35:00,2.46,,United Kingdom
543467,22196,SMALL HEART MEASURING SPOONS,3,2011-02-08 14:35:00,1.63,,United Kingdom
543474,48194,DOORMAT HEARTS,1,2011-02-08 15:09:00,7.95,14415,United Kingdom
543518,85032A,ROMANTIC IMAGES GIFT WRAP SET,48,2011-02-09 11:21:00,2.1,12753,Japan
543631,22625,RED KITCHEN SCALES,1,2011-02-10 16:17:00,8.5,14081,United Kingdom
543647,22232,JIGSAW TOADSTOOLS 3 PIECE,3,2011-02-10 19:49:00,1.65,12841,United Kingdom
543647,84231,EASTER BUNNY WITH BASKET ON BACK,2,2011-02-10 19:49:00,0.65,12841,United Kingdom
543653,22362,GLASS JAR PEACOCK BATH SALTS,1,2011-02-11 10:26:00,2.95,14796,United Kingdom
543804,22773,GREEN DRAWER KNOB ACRYLIC EDWARDIAN,12,2011-02-13 12:17:00,1.25,16434,United Kingdom
543826,21439,BASKET OF TOADSTOOLS,1,2011-02-14 09:41:00,2.46,,United Kingdom
543985,85099C,JUMBO  BAG BAROQUE BLACK WHITE,1,2011-02-15 09:44:00,4.13,,United Kingdom
544044,85014B,RED RETROSPOT UMBRELLA,2,2011-02-15 12:05:00,5.95,14659,United Kingdom
544106,21922,UNION STRIPE WITH FRINGE  HAMMOCK,1,2011-02-16 10:47:00,7.95,14530,United Kingdom
544129,22047,EMPIRE GIFT WRAP,25,2011-02-16 11:54:00,0.42,13199,United Kingdom
C544171,21363,HOME SMALL WOOD LETTERS,-2,2011-02-16 14:13:00,4.95,13001,United Kingdom
544315,21993,FLORAL FOLK STATIONERY SET,1,2011-02-17 14:42:00,2.95,12748,United Kingdom
544330,21901,"KEY FOB , BACK DOOR ",1,2011-02-17 16:59:00,0.65,17576,United Kingdom
544355,22741,FUNKY DIVA PEN,48,2011-02-18 10:53:00,0.85,12714,France
544409,22760,"TRAY, BREAKFAST IN BED",1,2011-02-18 13:32:00,12.75,16265,United Kingdom
544449,22720,SET OF 3 CAKE TINS PANTRY DESIGN ,2,2011-02-20 12:14:00,4.95,16115,United Kingdom
544450,22378,WALL TIDY RETROSPOT ,10,2011-02-20 12:23:00,2.1,17811,United Kingdom
544466,84989A,75 GREEN FAIRY CAKE CASES,1,2011-02-20 15:43:00,0.55,14606,United Kingdom
544599,22212,FOUR HOOK  WHITE LOVEBIRDS,1,2011-02-21 18:15:00,4.13,,United Kingdom
544610,21623,VINTAGE UNION JACK MEMOBOARD,2,2011-02-22 10:09:00,9.95,16912,United Kingdom
544684,21922,UNION STRIPE WITH FRINGE  HAMMOCK,1,2011-02-22 16:32:00,16.63,,United Kingdom
544684,22595,GINGHAM HEART DECORATION,1,2011-02-22 16:32:00,1.63,,United Kingdom
544800,22138,BAKING SET 9 PIECE RETROSPOT ,3,2011-02-23 13:45:00,4.95,15687,United Kingdom
544839,22386,JUMBO BAG PINK POLKADOT,20,2011-02-24 10:50:00,1.95,14841,United Kingdom
545050,22669,RED BABY BUNTING ,5,2011-02-27 11:57:00,2.95,15951,United Kingdom
545081,21155,RED RETROSPOT PEG BAG,6,2011-02-28 10:35:00,2.55,16057,United Kingdom
545215,20686,DOLLY MIXTURE CHILDREN'S UMBRELLA,1,2011-02-28 16:47:00,6.63,,United Kingdom
545232,84741C,CITRUS GARLAND FELT FLOWERS ,6,2011-03-01 10:19:00,1.95,15676,United Kingdom
545295,84029E,RED WOOLLY HOTTIE WHITE HEART.,10,2011-03-01 12:09:00,3.75,12709,Germany
545340,22266,EASTER DECORATION HANGING BUNNY,24,2011-03-02 08:41:00,0.65,15416,United Kingdom
545398,21756,BATH BUILDING BLOCK WORD,12,2011-03-02 11:43:00,5.95,13722,United Kingdom
545428,21896,POTTING SHED TWINE,6,2011-03-02 14:43:00,2.1,14239,United Kingdom
545571,22990,COTTON APRON PANTRY DESIGN,2,2011-03-03 16:34:00,4.95,17700,United Kingdom
545580,22499,WOODEN UNION JACK BUNTING,3,2011-03-04 08:43:00,5.95,13931,United Kingdom
545676,21918,SET 12 KIDS COLOUR  CHALK STICKS,24,2011-03-06 10:26:00,0.42,15034,United Kingdom
545700,21975,PACK OF 60 DINOSAUR CAKE CASES,1,2011-03-06 14:57:00,0.55,17811,United Kingdom
545872,85099F,JUMBO BAG STRAWBERRY,2,2011-03-07 14:51:00,1.95,15752,United Kingdom
545897,21002,ROSE DU SUD DRAWSTRING BAG,1,2011-03-07 17:22:00,3.29,,United Kingdom
545901,21385,IVORY HANGING DECORATION  HEART,2,2011-03-07 17:52:00,0.85,15834,United Kingdom
546007,22134,MINI LADLE LOVE HEART RED ,2,2011-03-08 15:34:00,0.83,,United Kingdom
546079,22624,IVORY KITCHEN SCALES,1,2011-03-09 11:05:00,8.5,14534,United Kingdom
546108,22820,GIFT BAG BIRTHDAY,12,2011-03-09 12:35:00,0.65,15529,United Kingdom
546132,23009,I LOVE LONDON BABY GIFT SET,18,2011-03-09 15:17:00,14.95,15057,United Kingdom
546255,85123A,WHITE HANGING HEART T-LIGHT HOLDER,6,2011-03-10 14:56:00,2.95,13468,United Kingdom
546261,21931,JUMBO STORAGE BAG SUKI,2,2011-03-10 15:01:00,1.95,17841,United Kingdom
546373,23007, SPACEBOY BABY GIFT SET,6,2011-03-11 12:00:00,14.95,12583,France
546406,84692,BOX OF 24 COCKTAIL PARASOLS,1,2011-03-11 16:21:00,0.83,,United Kingdom
546541,35241,ENAMEL BLUE RIM BISCUIT BIN,3,2011-03-14 15:11:00,4.95,14911,EIRE
546561,21189,WHITE HONEYCOMB PAPER GARLAND ,12,2011-03-15 10:34:00,1.65,18260,United Kingdom
546646,84519B,CARROT CHARLIE+LOLA COASTER SET,6,2011-03-15 13:49:00,1.25,13716,United Kingdom
546649,22668,PINK BABY BUNTING,3,2011-03-15 14:17:00,5.79,,United Kingdom
546654,22433,WATERING CAN GREEN DINOSAUR,1,2011-03-15 14:18:00,4.13,,United Kingdom
546762,20675,BLUE POLKADOT BOWL,2,2011-03-16 14:12:00,1.25,17961,United Kingdom
546908,21754,HOME BUILDING BLOCK WORD,3,2011-03-17 18:59:00,5.95,15648,United Kingdom
547002,21673,WHITE SPOT BLUE CERAMIC DRAWER KNOB,12,2011-03-18 14:02:00,1.25,12878,United Kingdom
547002,84086C,PINK/PURPLE RETRO RADIO,6,2011-03-18 14:02:00,2.95,12878,United Kingdom
547042,71053,WHITE METAL LANTERN,1,2011-03-20 11:00:00,8.29,,United Kingdom
547101,85099B,JUMBO BAG RED RETROSPOT,100,2011-03-21 10:34:00,1.65,16029,United Kingdom
547248,85131A,BEADED PEARL HEART WHITE ON STICK,6,2011-03-22 09:23:00,0.83,,United Kingdom
547253,82482,WOODEN PICTURE FRAME WHITE FINISH,3,2011-03-22 10:44:00,2.55,13869,United Kingdom
547358,85106,CUT GLASS HEXAGON T-LIGHT HOLDER,4,2011-03-22 12:25:00,2.55,15998,United Kingdom
547401,22570,FELTCRAFT CUSHION RABBIT,1,2011-03-22 17:00:00,3.75,17576,United Kingdom
547551,21086,SET/6 RED SPOTTY PAPER CUPS,1,2011-03-23 15:55:00,1.63,,United Kingdom
547552,22844,VINTAGE CREAM DOG FOOD CONTAINER,2,2011-03-23 15:55:00,16.63,,United Kingdom
547623,22979,PANTRY WASHING UP BRUSH,12,2011-03-24 11:29:00,1.45,15641,United Kingdom
547649,22384,LUNCH BAG PINK POLKADOT,2,2011-03-24 12:02:00,1.65,18118,United Kingdom
547687,22384,LUNCH BAG PINK POLKADOT,10,2011-03-24 14:52:00,1.65,15078,United Kingdom
547722,22352,LUNCH BOX WITH CUTLERY RETROSPOT ,6,2011-03-25 10:19:00,2.55,12553,France
547800,21912,VINTAGE SNAKES & LADDERS,1,2011-03-25 12:55:00,3.75,14504,United Kingdom
547888,21524,DOORMAT SPOTTY HOME SWEET HOME,6,2011-03-28 09:59:00,7.95,13368,United Kingdom
548003,22485,SET OF 2 WOODEN MARKET CRATES,2,2011-03-29 10:39:00,12.75,18044,United Kingdom
548006,84978,HANGING HEART JAR T-LIGHT HOLDER,12,2011-03-29 10:50:00,1.25,18226,United Kingdom
548203,22998,TRAVEL CARD WALLET KEEP CALM,93,2011-03-29 16:40:00,1,,United Kingdom
548373,21363,HOME SMALL WOOD LETTERS,1,2011-03-30 16:34:00,10.79,,United Kingdom
548388,21166,COOK WITH WINE METAL SIGN ,3,2011-03-30 16:52:00,2.08,13268,United Kingdom
548511,22845,VINTAGE CREAM CAT FOOD CONTAINER,5,2011-03-31 15:43:00,6.35,14056,United Kingdom
548551,22662,LUNCH BAG DOLLY GIRL DESIGN,10,2011-04-01 08:56:00,1.65,14886,United Kingdom
548792,21976,PACK OF 60 MUSHROOM CAKE CASES,2,2011-04-04 12:42:00,0.55,14711,United Kingdom
548872,22619,SET OF 6 SOLDIER SKITTLES,4,2011-04-04 14:42:00,3.75,13015,United Kingdom
548909,22649,STRAWBERRY FAIRY CAKE TEAPOT,8,2011-04-05 08:43:00,4.95,12779,Poland
548987,84997B,CHILDRENS CUTLERY RETROSPOT RED ,2,2011-04-05 12:50:00,4.15,14535,United Kingdom
549043,84990,,-24,2011-04-05 17:26:00,0,,United Kingdom
549128,22524,CHILDRENS GARDEN GLOVES BLUE,3,2011-04-06 14:25:00,1.25,16713,United Kingdom
549295,21559,STRAWBERRY LUNCH BOX WITH CUTLERY,1,2011-04-07 19:49:00,4.96,,United Kingdom
549295,46776B,WOVEN BERRIES CUSHION COVER ,1,2011-04-07 19:49:00,4.13,,United Kingdom
549301,84945,MULTI COLOUR SILVER T-LIGHT HOLDER,12,2011-04-08 08:24:00,0.85,16643,United Kingdom
549368,20754,RETROSPOT RED WASHING UP GLOVES,1,2011-04-08 11:26:00,2.1,18036,United Kingdom
549425,23077,DOUGHNUT LIP GLOSS ,1,2011-04-08 11:54:00,1.25,14030,United Kingdom
549456,47341A,,-6,2011-04-08 14:19:00,0,,United Kingdom
549525,22665,RECIPE BOX BLUE SKETCHBOOK DESIGN,1,2011-04-08 15:44:00,5.79,,United Kingdom
549546,22197,SMALL POPCORN HOLDER,12,2011-04-10 11:24:00,0.85,16889,United Kingdom
549570,22861,EASTER TIN CHICKS IN GARDEN,1,2011-04-10 15:19:00,1.65,17550,United Kingdom
549577,22398,MAGNETS PACK OF 4 SWALLOWS,12,2011-04-11 08:16:00,1.25,14286,United Kingdom
C549786,22252,BIRDCAGE DECORATION TEALIGHT HOLDER,-6,2011-04-12 11:58:00,1.25,14071,United Kingdom
550123,22257,FELT FARM ANIMAL SHEEP,4,2011-04-14 12:39:00,1.25,,United Kingdom
550210,22418,10 COLOUR SPACEBOY PEN,1,2011-04-15 10:40:00,2.46,,United Kingdom
550310,21609,SET 12 LAVENDER  BOTANICAL T-LIGHTS,48,2011-04-17 11:04:00,2.55,15985,United Kingdom
550317,22499,WOODEN UNION JACK BUNTING,3,2011-04-17 11:56:00,5.95,15172,United Kingdom
550323,20971,PINK BLUE FELT CRAFT TRINKET BOX,12,2011-04-17 12:57:00,1.25,13692,United Kingdom
550446,82482,WOODEN PICTURE FRAME WHITE FINISH,6,2011-04-18 12:36:00,2.55,13871,United Kingdom
550474,18097C,WHITE TALL PORCELAIN T-LIGHT HOLDER,1,2011-04-18 13:58:00,4.96,,United Kingdom
550500,90214T,"LETTER ""T"" BLING KEY RING",2,2011-04-18 15:26:00,0.83,,United Kingdom
550527,35810B,ENAMEL BLUE RIM COFFEE CONTAINER,6,2011-04-19 10:48:00,0.83,12476,Germany
550766,84978,HANGING HEART JAR T-LIGHT HOLDER,12,2011-04-20 12:30:00,1.25,17463,United Kingdom
550911,23254,CHILDRENS CUTLERY DOLLY GIRL ,4,2011-04-21 13:11:00,4.15,12354,Spain
550983,22866,,4,2011-04-21 17:34:00,0,,United Kingdom
551009,22844,VINTAGE CREAM DOG FOOD CONTAINER,1,2011-04-26 09:50:00,16.63,,United Kingdom
551174,22819,"BIRTHDAY CARD, RETRO SPOT",3,2011-04-26 17:02:00,0.83,,United Kingdom
551270,21723,ALPHABET HEARTS STICKER SHEET,5,2011-04-27 12:35:00,0.85,15891,United Kingdom
551291,21902,"KEY FOB , FRONT  DOOR ",48,2011-04-27 14:26:00,0.53,14298,United Kingdom
C551316,21703,BAG 125g SWIRLY MARBLES,-12,2011-04-27 15:12:00,0.42,15220,United Kingdom
551340,22088,PAPER BUNTING COLOURED LACE,5,2011-04-27 17:23:00,5.79,,United Kingdom
551340,84796B,BLUE SAVANNAH PICNIC HAMPER FOR 2,1,2011-04-27 17:23:00,8.29,,United Kingdom
551351,22488,NATURAL SLATE RECTANGLE CHALKBOARD,12,2011-04-28 10:20:00,1.45,14298,United Kingdom
551438,84978,HANGING HEART JAR T-LIGHT HOLDER,36,2011-04-28 15:23:00,1.06,13408,United Kingdom
551471,47599B,BLUE PARTY BAGS ,1,2011-04-28 16:40:00,2.1,16370,United Kingdom
551718,23199,JUMBO BAG APPLES,2,2011-05-03 16:06:00,4.13,,United Kingdom
551879,85066,CREAM SWEETHEART MINI CHEST,6,2011-05-05 08:33:00,12.75,13831,United Kingdom
551987,22139,RETROSPOT TEA SET CERAMIC 11 PC ,2,2011-05-05 14:55:00,4.95,15005,United Kingdom
552033,22380,TOY TIDY SPACEBOY  ,10,2011-05-05 18:36:00,2.1,14776,United Kingdom
552037,22195,LARGE HEART MEASURING SPOONS,24,2011-05-05 19:48:00,1.65,13450,United Kingdom
552051,37448,CERAMIC CAKE DESIGN SPOTTED MUG,6,2011-05-06 10:10:00,1.49,14796,United Kingdom
552108,22355,CHARLOTTE BAG SUKI DESIGN,5,2011-05-06 11:36:00,0.85,17841,United Kingdom
552139,20967,GREY FLORAL FELTCRAFT SHOULDER BAG,1,2011-05-06 11:55:00,3.75,14659,United Kingdom
552232,21242,RED RETROSPOT PLATE ,1,2011-05-06 15:54:00,3.29,,United Kingdom
552232,85131D,BEADED CRYSTAL HEART PINK ON STICK,13,2011-05-06 15:54:00,0.83,,United Kingdom
552234,22819,"BIRTHDAY CARD, RETRO SPOT",2,2011-05-06 16:01:00,0.83,,United Kingdom
552242,22923,FRIDGE MAGNETS LES ENFANTS ASSORTED,6,2011-05-06 19:22:00,0.85,12748,United Kingdom
552290,20972,PINK CREAM FELT CRAFT TRINKET BOX ,2,2011-05-08 13:32:00,1.25,16007,United Kingdom
552313,23199,JUMBO BAG APPLES,30,2011-05-08 16:03:00,2.08,13139,United Kingdom
552333,20727,LUNCH BAG  BLACK SKULL.,1,2011-05-09 10:38:00,1.65,15039,United Kingdom
552364,22898,CHILDRENS APRON APPLES DESIGN,8,2011-05-09 12:25:00,1.95,13004,United Kingdom
552514,84638,SMALL KITCHEN FLOWER POTS PLAQUE,1,2011-05-09 16:30:00,5.83,,United Kingdom
552764,22531,MAGIC DRAWING SLATE CIRCUS PARADE  ,24,2011-05-11 11:34:00,0.42,17489,United Kingdom
552835,22421,LIPSTICK PEN FUSCHIA,12,2011-05-11 14:17:00,0.42,17664,United Kingdom
552867,22501,PICNIC BASKET WICKER LARGE,16,2011-05-12 08:36:00,8.5,15513,United Kingdom
552869,22711,WRAP CIRCUS PARADE,25,2011-05-12 08:41:00,0.42,15106,United Kingdom
552870,23046,PAPER LANTERN 9 POINT DELUXE STAR,4,2011-05-12 08:42:00,6.65,15513,United Kingdom
552874,22973,CHILDREN'S CIRCUS PARADE MUG,12,2011-05-12 09:40:00,1.65,12621,Germany
552879,47566,PARTY BUNTING,4,2011-05-12 09:55:00,4.95,12976,United Kingdom
552949,21907,I'M ON HOLIDAY METAL SIGN,9,2011-05-12 12:01:00,2.1,16033,United Kingdom
553035,21716,BOYS VINTAGE TIN SEASIDE BUCKET,2,2011-05-12 20:13:00,2.55,17337,United Kingdom
553156,22149,FELTCRAFT 6 FLOWER FRIENDS,1,2011-05-13 14:58:00,2.1,17841,United Kingdom
553158,22083,PAPER CHAIN KIT RETROSPOT,6,2011-05-13 15:24:00,2.95,14194,United Kingdom
553187,21975,PACK OF 60 DINOSAUR CAKE CASES,4,2011-05-15 12:53:00,0.55,16809,United Kingdom
553382,23144,ZINC T-LIGHT HOLDER STARS SMALL,12,2011-05-16 15:47:00,0.83,14217,United Kingdom
553390,22329,ROUND CONTAINER SET OF 5 RETROSPOT,1,2011-05-16 16:41:00,1.65,17841,United Kingdom
553402,23082,SET 6 PAPER TABLE LANTERN HEARTS ,2,2011-05-16 17:13:00,3.75,17898,United Kingdom
553537,15060B,FAIRY CAKE DESIGN UMBRELLA,4,2011-05-17 15:25:00,3.75,14032,United Kingdom
553541,22607,WOODEN ROUNDERS GARDEN SET ,1,2011-05-17 15:33:00,20.79,,United Kingdom
553565,22784,LANTERN CREAM GAZEBO ,3,2011-05-18 09:01:00,4.95,17505,United Kingdom
553691,22139,RETROSPOT TEA SET CERAMIC 11 PC ,2,2011-05-18 14:08:00,4.95,15311,United Kingdom
554031,23061,VINTAGE ENGRAVED HEART,12,2011-05-20 13:58:00,1.25,16497,United Kingdom
554054,21931,JUMBO STORAGE BAG SUKI,1,2011-05-20 15:29:00,4.13,,United Kingdom
554065,85040A,S/4 PINK FLOWER CANDLES IN BOWL,12,2011-05-22 10:39:00,1.65,18287,United Kingdom
554103,22558,CLOTHES PEGS RETROSPOT PACK 24 ,2,2011-05-22 13:51:00,1.65,15555,United Kingdom
554106,20982,12 PENCILS TALL TUBE SKULLS,12,2011-05-22 14:05:00,0.85,12710,Germany
554124,84819,DANISH ROSE ROUND SEWING BOX,3,2011-05-23 08:31:00,4.25,13339,United Kingdom
554157,22895,SET OF 2 TEA TOWELS APPLE AND PEARS,1,2011-05-23 11:33:00,3.25,18283,United Kingdom
554268,23167,SMALL CERAMIC TOP STORAGE JAR ,1,2011-05-23 12:59:00,0.83,15311,United Kingdom
554293,23158,SET OF 5 LUCKY CAT MAGNETS ,1,2011-05-23 14:19:00,4.13,,United Kingdom
C554330,22637,PIGGY BANK RETROSPOT ,-2,2011-05-23 17:08:00,2.55,12749,United Kingdom
554355,22627,MINT KITCHEN SCALES,2,2011-05-24 09:20:00,8.5,16992,United Kingdom
554359,23168,CLASSIC CAFE SUGAR DISPENSER,12,2011-05-24 09:56:00,1.25,13590,United Kingdom
554498,37342,POLKADOT COFFEE CUP & SAUCER PINK,24,2011-05-24 14:39:00,0.79,15314,United Kingdom
554512,90190B,GOLD/AMBER DROP EARRINGS W LEAF,1,2011-05-24 15:54:00,2.9,,United Kingdom
554704,21754,HOME BUILDING BLOCK WORD,3,2011-05-26 10:09:00,5.95,15658,United Kingdom
554808,21155,RED RETROSPOT PEG BAG,1,2011-05-26 13:01:00,2.55,17059,United Kingdom
554958,85152,HAND OVER THE CHOCOLATE   SIGN ,1,2011-05-27 15:17:00,4.13,,United Kingdom
554999,48111,DOORMAT 3 SMILEY CATS,1,2011-05-29 15:44:00,7.95,15547,United Kingdom
555162,23233,WRAP POPPIES  DESIGN,25,2011-06-01 10:15:00,0.42,12473,Germany
555260,20728,LUNCH BAG CARS BLUE,2,2011-06-01 15:34:00,1.65,13263,United Kingdom
555275,23101,SILVER STARS TABLE DECORATION,12,2011-06-01 17:18:00,0.83,,United Kingdom
555276,22698,PINK REGENCY TEACUP AND SAUCER,1,2011-06-01 17:28:00,5.79,,United Kingdom
555277,21791,VINTAGE HEADS AND TAILS CARD GAME ,1,2011-06-01 17:30:00,2.46,,United Kingdom
555284,23090,VINTAGE GLASS T-LIGHT HOLDER,24,2011-06-02 09:37:00,0.72,14298,United Kingdom
555400,23091,ZINC HERB GARDEN CONTAINER,21,2011-06-02 17:50:00,5.39,14088,United Kingdom
555488,22383,LUNCH BAG SUKI DESIGN ,1,2011-06-03 13:43:00,1.65,16942,United Kingdom
555534,84755,COLOUR GLASS T-LIGHT HOLDER HANGING,48,2011-06-05 12:12:00,0.65,14682,United Kingdom
555565,47566,PARTY BUNTING,4,2011-06-05 15:06:00,4.95,15298,United Kingdom
555568,23209,LUNCH BAG DOILEY PATTERN ,4,2011-06-05 15:25:00,1.65,17589,United Kingdom
555572,21906,PHARMACIE FIRST AID TIN,2,2011-06-05 15:37:00,6.75,12449,Belgium
555577,20914,SET/5 RED RETROSPOT LID GLASS BOWLS,6,2011-06-05 15:53:00,2.95,15301,United Kingdom
555586,21933,PINK VINTAGE PAISLEY PICNIC BAG,10,2011-06-06 09:12:00,1.65,14232,United Kingdom
555850,21563,RED HEART SHAPE LOVE BUCKET ,2,2011-06-07 13:35:00,2.95,16550,United Kingdom
C555873,22361,GLASS JAR DAISY FRESH COTTON WOOL,-1,2011-06-07 15:12:00,2.95,15498,United Kingdom
556042,21558,SKULL LUNCH BOX WITH CUTLERY ,6,2011-06-08 12:44:00,2.55,14367,United Kingdom
556045,20726,LUNCH BAG WOODLAND,10,2011-06-08 12:54:00,1.65,15764,United Kingdom
556085,21937,STRAWBERRY   PICNIC BAG,1,2011-06-08 15:23:00,5.79,,United Kingdom
556102,22150,3 STRIPEY MICE FELTCRAFT,6,2011-06-08 16:15:00,1.95,13115,United Kingdom
556102,22755,SMALL PURPLE BABUSHKA NOTEBOOK ,12,2011-06-08 16:15:00,0.85,13115,United Kingdom
556108,21326,AGED GLASS SILVER T-LIGHT HOLDER,35,2011-06-08 17:59:00,1.63,,United Kingdom
556113,21470,FLOWER VINE RAFFIA FOOD COVER,6,2011-06-09 09:32:00,3.75,13510,United Kingdom
556187,47590B,PINK HAPPY BIRTHDAY BUNTING,3,2011-06-09 11:49:00,5.45,15296,United Kingdom
556429,21930,JUMBO STORAGE BAG SKULLS,4,2011-06-10 13:23:00,4.96,,United Kingdom
556435,23245,SET OF 3 REGENCY CAKE TINS,4,2011-06-10 14:08:00,4.95,14895,United Kingdom
556473,48187,DOORMAT NEW ENGLAND,1,2011-06-12 12:00:00,7.95,17265,United Kingdom
556489,22460,EMBOSSED GLASS TEALIGHT HOLDER,1,2011-06-12 13:59:00,1.25,14704,United Kingdom
556727,82583,HOT BATHS METAL SIGN,12,2011-06-14 11:33:00,2.1,17675,United Kingdom
556812,21358,TOAST ITS - HAPPY BIRTHDAY,1,2011-06-14 17:25:00,2.46,,United Kingdom
556812,23052,RECYCLED ACAPULCO MAT TURQUOISE,1,2011-06-14 17:25:00,16.63,,United Kingdom
C556888,20723,STRAWBERRY CHARLOTTE BAG,-1,2011-06-15 12:37:00,0.85,15005,United Kingdom
556917,22704,WRAP RED APPLES ,400,2011-06-15 13:37:00,0.34,12415,Australia
557019,21034,REX CASH+CARRY JUMBO SHOPPER,2,2011-06-16 12:45:00,0.95,15907,United Kingdom
557019,22372,AIRLINE BAG VINTAGE WORLD CHAMPION ,1,2011-06-16 12:45:00,4.25,15907,United Kingdom
557296,22907,PACK OF 20 NAPKINS PANTRY DESIGN,8,2011-06-19 13:51:00,0.85,15334,United Kingdom
557319,82582,AREA PATROLLED METAL SIGN,24,2011-06-20 08:23:00,2.1,15076,United Kingdom
557518,47013C,WINE BOTTLE DRESSING DARK BLUE,6,2011-06-20 17:14:00,0.12,15280,United Kingdom
557645,22712,CARD DOLLY GIRL ,1,2011-06-21 17:08:00,0.83,,United Kingdom
C557663,22730,ALARM CLOCK BAKELIKE IVORY,-9,2011-06-21 17:59:00,3.75,,EIRE
C557663,84803B,WHITE ALLIUM  ARTIFICIAL FLOWER,-3,2011-06-21 17:59:00,1.69,,EIRE
C557666,22846,BREAD BIN DINER STYLE RED ,-1,2011-06-21 18:03:00,16.95,12947,United Kingdom
557670,23084,RABBIT NIGHT LIGHT,288,2011-06-22 10:11:00,1.79,12798,Japan
557786,20726,LUNCH BAG WOODLAND,4,2011-06-22 16:01:00,1.65,15550,United Kingdom
557938,16235,RECYCLED PENCIL WITH RABBIT ERASER,1,2011-06-23 15:35:00,0.42,,United Kingdom
557938,22457,NATURAL SLATE HEART CHALKBOARD ,4,2011-06-23 15:35:00,5.79,,United Kingdom
558068,23199,JUMBO BAG APPLES,1,2011-06-24 15:51:00,4.13,,United Kingdom
558085,23145,ZINC T-LIGHT HOLDER STAR LARGE,12,2011-06-26 11:53:00,0.95,13021,United Kingdom
558118,22411,JUMBO SHOPPER VINTAGE RED PAISLEY,5,2011-06-27 09:11:00,4.13,,United Kingdom
558196,21889,WOODEN BOX OF DOMINOES,1,2011-06-27 12:38:00,1.25,16033,United Kingdom
558321,22900,SET 2 TEA TOWELS I LOVE LONDON ,2,2011-06-28 11:53:00,4.13,,United Kingdom
558358,23240,SET OF 4 KNICK KNACK TINS DOILEY ,1,2011-06-28 15:05:00,4.15,17965,United Kingdom
558417,21523,DOORMAT FANCY FONT HOME SWEET HOME,30,2011-06-29 10:50:00,6.75,14156,EIRE
558454,23256,CHILDRENS CUTLERY SPACEBOY ,4,2011-06-29 13:58:00,4.15,17063,United Kingdom
558455,23013,GLASS APOTHECARY BOTTLE TONIC,4,2011-06-29 13:58:00,3.95,14327,United Kingdom
558475,21206,STRAWBERRY HONEYCOMB  GARLAND ,10,2011-06-29 15:58:00,1.63,,United Kingdom
558475,90130B,TURQ STONE/CRYSTAL EARRINGS,2,2011-06-29 15:58:00,2.9,,United Kingdom
558483,48187,DOORMAT NEW ENGLAND,2,2011-06-30 09:59:00,7.95,18171,United Kingdom
558533,23232,WRAP VINTAGE LEAF DESIGN,25,2011-06-30 11:49:00,0.42,16717,United Kingdom
558777,21933,PINK VINTAGE PAISLEY PICNIC BAG,1,2011-07-04 10:23:00,2.46,,United Kingdom
558777,22430,ENAMEL WATERING CAN CREAM,1,2011-07-04 10:23:00,9.96,,United Kingdom
558777,22893,MINI CAKE STAND T-LIGHT HOLDER,4,2011-07-04 10:23:00,0.83,,United Kingdom
558810,21974,SET OF 36 PAISLEY FLOWER DOILIES,1,2011-07-04 11:11:00,3.75,,United Kingdom
558991,21463,MIRRORED DISCO BALL ,1,2011-07-05 11:32:00,5.95,14606,United Kingdom
559027,84879,ASSORTED COLOUR BIRD ORNAMENT,36,2011-07-05 14:24:00,1.69,17046,United Kingdom
559055,21198,WHITE HEART CONFETTI IN TUBE,7,2011-07-05 17:09:00,0.83,,United Kingdom
559055,22807,SET OF 6 T-LIGHTS TOADSTOOLS,1,2011-07-05 17:09:00,2.46,,United Kingdom
559055,84356,POMPOM CURTAIN,5,2011-07-05 17:09:00,5.79,,United Kingdom
559157,23298,SPOTTY BUNTING,6,2011-07-06 15:53:00,4.95,13999,United Kingdom
559165,21902,"KEY FOB , FRONT  DOOR ",1,2011-07-06 16:40:00,0.65,12977,United Kingdom
559311,85099B,JUMBO BAG RED RETROSPOT,20,2011-07-07 13:35:00,1.95,14459,United Kingdom
559337,22717,CARD DOG AND BALL ,1,2011-07-07 16:27:00,0.83,,United Kingdom
559340,22413,METAL SIGN TAKE IT OR LEAVE IT ,6,2011-07-07 16:51:00,2.95,13699,United Kingdom
559436,84596F,SMALL MARSHMALLOWS PINK BOWL,2,2011-07-08 12:18:00,0.42,15901,United Kingdom
559505,16156S,WRAP PINK FAIRY CAKES ,25,2011-07-08 15:16:00,0.42,16398,United Kingdom
559506,22356,CHARLOTTE BAG PINK POLKADOT,1,2011-07-08 15:17:00,1.63,,United Kingdom
559518,21974,SET OF 36 PAISLEY FLOWER DOILIES,1,2011-07-08 16:11:00,3.75,,United Kingdom
559525,23241,TREASURE TIN GYMKHANA DESIGN,4,2011-07-10 10:30:00,2.08,16923,United Kingdom
559807,23147,SINGLE ANTIQUE ROSE HOOK IVORY,3,2011-07-12 14:48:00,1.45,17841,United Kingdom
559816,22291,HANGING CHICK CREAM DECORATION,6,2011-07-12 16:11:00,1.25,,United Kingdom
559816,22315,200 RED + WHITE BENDY STRAWS,1,2011-07-12 16:11:00,1.25,,United Kingdom
559887,23152,IVORY SWEETHEART WIRE LETTER RACK ,1,2011-07-13 11:44:00,3.75,13263,United Kingdom
559894,84991,60 TEATIME FAIRY CAKE CASES,1,2011-07-13 12:06:00,0.55,14159,United Kingdom
559923,37340,MULTICOLOUR SPRING FLOWER MUG,6,2011-07-13 16:07:00,0.69,,United Kingdom
559928,20749,ASSORTED COLOUR MINI CASES,6,2011-07-14 08:52:00,7.95,12405,Finland
560090,22182,CAKE STAND VICTORIAN FILIGREE SMALL,2,2011-07-14 16:46:00,4.13,,United Kingdom
560098,22412,METAL SIGN NEIGHBOURHOOD WITCH ,1,2011-07-14 17:44:00,2.1,16907,United Kingdom
560225,DOT,DOTCOM POSTAGE,1,2011-07-15 16:27:00,377.33,,United Kingdom
560233,85099B,JUMBO BAG RED RETROSPOT,4,2011-07-17 11:10:00,2.08,16813,United Kingdom
560234,23200,JUMBO BAG PEARS,100,2011-07-17 11:21:00,1.79,16180,United Kingdom
560265,21219,SET/4 BADGES BALLOON GIRL,20,2011-07-17 13:48:00,1.25,17863,United Kingdom
560286,21165,BEWARE OF THE CAT METAL SIGN ,48,2011-07-18 09:38:00,1.45,14062,United Kingdom
560453,21062,PARTY INVITES SPACEMAN,12,2011-07-19 09:52:00,0.85,13209,United Kingdom
560534,21915,RED  HARMONICA IN BOX ,12,2011-07-19 12:10:00,1.25,14911,EIRE
560534,22821,GIFT BAG PSYCHEDELIC APPLES,12,2011-07-19 12:10:00,0.65,14911,EIRE
560773,22880,NUMBER TILE VINTAGE FONT 1,1,2011-07-20 16:17:00,4.13,,United Kingdom
560778,21033,JUMBO BAG CHARLIE AND LOLA TOYS,2,2011-07-21 09:30:00,4.13,,United Kingdom
560828,84723,CHERRY BLOSSOM CANVAS ART PICTURE,24,2011-07-21 11:55:00,1.95,14298,United Kingdom
560894,47590A,BLUE HAPPY BIRTHDAY BUNTING,12,2011-07-21 17:09:00,5.45,14911,EIRE
560918,22139,RETROSPOT TEA SET CERAMIC 11 PC ,3,2011-07-21 18:27:00,4.95,14849,United Kingdom
560926,23307,SET OF 60 PANTRY DESIGN CAKE CASES ,1,2011-07-22 09:20:00,1.25,,United Kingdom
560928,20725,LUNCH BAG RED RETROSPOT,10,2011-07-22 10:00:00,1.65,14852,United Kingdom
560937,23190,BUNDLE OF 3 SCHOOL EXERCISE BOOKS  ,1,2011-07-22 10:52:00,1.65,17920,United Kingdom
560974,47566B,TEA TIME PARTY BUNTING,4,2011-07-22 11:55:00,4.95,14426,United Kingdom
561058,22990,COTTON APRON PANTRY DESIGN,6,2011-07-24 13:26:00,4.95,17724,United Kingdom
561085,23322,LARGE WHITE HEART OF WICKER,6,2011-07-25 09:26:00,2.95,14367,United Kingdom
561209,22602,RETROSPOT WOODEN HEART DECORATION,6,2011-07-25 16:57:00,1.63,,United Kingdom
561222,23545,WRAP RED DOILEY,25,2011-07-26 09:27:00,0.42,13588,United Kingdom
561258,23174,REGENCY SUGAR BOWL GREEN,6,2011-07-26 12:03:00,4.15,15513,United Kingdom
561322,21262,WHITE GOOSE FEATHER CHRISTMAS TREE ,6,2011-07-26 13:03:00,2.95,15203,United Kingdom
561388,23238,SET OF 4 KNICK KNACK TINS LONDON ,96,2011-07-27 09:32:00,3.75,12753,Japan
561502,23237,SET OF 4 KNICK KNACK TINS LEAF,6,2011-07-27 14:14:00,4.15,14305,United Kingdom
561504,21361,,-7,2011-07-27 14:15:00,0,,United Kingdom
561507,23293,SET OF 12 FAIRY CAKE BAKING CASES,8,2011-07-27 14:21:00,0.83,12397,Belgium
561519,22600,CHRISTMAS RETROSPOT STAR WOOD,1,2011-07-27 17:01:00,0.85,17870,United Kingdom
561529,21154,RED RETROSPOT OVEN GLOVE ,10,2011-07-28 09:19:00,1.25,13013,United Kingdom
C561604,22720,SET OF 3 CAKE TINS PANTRY DESIGN ,-3,2011-07-28 12:08:00,4.95,18223,United Kingdom
561626,21034,REX CASH+CARRY JUMBO SHOPPER,2,2011-07-28 14:03:00,0.95,14898,United Kingdom
561627,22555,PLASTERS IN TIN STRONGMAN,12,2011-07-28 14:08:00,1.65,12453,Austria
561671,23229,VINTAGE DONKEY TAIL GAME ,72,2011-07-28 17:17:00,2.62,12830,United Kingdom
561774,47566,PARTY BUNTING,2,2011-07-29 12:41:00,4.95,16729,United Kingdom
561893,22667,RECIPE BOX RETROSPOT ,1,2011-07-31 14:39:00,2.95,12942,United Kingdom
562045,23119,PACK OF 6 LARGE FRUIT STRAWS ,12,2011-08-02 10:33:00,0.62,12644,Germany
562148,23444,Next Day Carriage,1,2011-08-03 10:49:00,15,13695,United Kingdom
562439,23203,JUMBO BAG DOILEY PATTERNS,300,2011-08-04 18:06:00,1.79,12931,United Kingdom
562455,22649,STRAWBERRY FAIRY CAKE TEAPOT,8,2011-08-05 10:32:00,4.95,18097,United Kingdom
562542,22984,CARD GINGHAM ROSE ,12,2011-08-05 15:40:00,0.42,17377,United Kingdom
562604,22457,NATURAL SLATE HEART CHALKBOARD ,6,2011-08-08 10:51:00,2.95,17611,United Kingdom
562717,21992,VINTAGE PAISLEY STATIONERY SET,1,2011-08-08 15:42:00,2.46,,United Kingdom
562725,82484,WOOD BLACK BOARD ANT WHITE FINISH,2,2011-08-09 09:04:00,7.95,17302,United Kingdom
562809,21034,REX CASH+CARRY JUMBO SHOPPER,1,2011-08-09 15:12:00,0.95,16775,United Kingdom
562931,21509,COWBOYS AND INDIANS BIRTHDAY CARD ,12,2011-08-10 16:19:00,0.42,14030,United Kingdom
563074,11001,ASSTD DESIGN RACING CAR PEN,80,2011-08-11 15:58:00,1.27,12931,United Kingdom
563288,POST,POSTAGE,4,2011-08-15 12:53:00,18,12656,France
563349,84519A,TOMATO CHARLIE+LOLA COASTER SET,3,2011-08-15 13:51:00,1.25,14623,United Kingdom
563448,84508A,CAMOUFLAGE DESIGN TEDDY,6,2011-08-16 14:28:00,2.55,15220,United Kingdom
563532,23241,TREASURE TIN GYMKHANA DESIGN,6,2011-08-17 11:04:00,2.08,17511,United Kingdom
563533,22692,DOORMAT WELCOME TO OUR HOME,1,2011-08-17 11:14:00,7.95,16241,United Kingdom
563546,23209,LUNCH BAG VINTAGE DOILY ,15,2011-08-17 12:24:00,1.65,16729,United Kingdom
563549,21843,RED RETROSPOT CAKE STAND,1,2011-08-17 12:34:00,20.79,,United Kingdom
563705,23066,SMALL DECO JEWELLERY STAND,2,2011-08-18 14:33:00,8.25,17736,United Kingdom
563722,21277,FRENCH STYLE EMBOSSED HEART CABINET,1,2011-08-18 16:32:00,21.95,17720,United Kingdom
563844,23067,HANGING ENGRAVED METAL HEART,2,2011-08-19 14:04:00,4.15,17725,United Kingdom
564061,85173,SET/6 FROG PRINCE T-LIGHT CANDLES,2,2011-08-22 14:38:00,2.55,14505,United Kingdom
564141,22727,ALARM CLOCK BAKELIKE RED ,2,2011-08-23 11:47:00,3.75,17841,United Kingdom
564191,22158,3 HEARTS HANGING DECORATION RUSTIC,1,2011-08-23 16:16:00,2.95,17315,United Kingdom
564216,22908,PACK OF 20 NAPKINS RED APPLES,12,2011-08-24 09:23:00,0.85,12642,Germany
564230,22110,BIRD HOUSE HOT WATER BOTTLE,1,2011-08-24 10:22:00,7.46,,United Kingdom
564246,23201,JUMBO BAG ALPHABET,10,2011-08-24 10:36:00,2.08,13534,United Kingdom
564364,23310,BUBBLEGUM RING ASSORTED,36,2011-08-24 16:24:00,0.42,15434,United Kingdom
564378,90018C,SILVER BLACK ORBIT DROP EARRINGS,2,2011-08-25 10:26:00,4.25,12417,Belgium
564535,84970S,HANGING HEART ZINC T-LIGHT HOLDER,12,2011-08-25 15:10:00,0.85,18075,United Kingdom
564660,23212,HEART WREATH DECORATION WITH BELL,24,2011-08-26 14:45:00,1.25,15074,United Kingdom
564719,22099,CARAVAN SQUARE TISSUE BOX,4,2011-08-28 11:55:00,0.39,15325,United Kingdom
564742,23345, DOLLY GIRL BEAKER,1,2011-08-28 15:01:00,1.25,17346,United Kingdom
564754,90199A,5 STRAND GLASS NECKLACE BLACK,1,2011-08-30 10:29:00,6.23,,United Kingdom
564758,85199L,LARGE HANGING IVORY & RED WOOD BIRD,1,2011-08-30 10:39:00,1.25,,United Kingdom
564825,22814,CARD PARTY GAMES ,2,2011-08-30 12:26:00,0.42,,United Kingdom
564837,21012,ANTIQUE ALL GLASS CANDLESTICK,2,2011-08-30 12:40:00,2.46,,United Kingdom
564837,22147,FELTCRAFT BUTTERFLY HEARTS,1,2011-08-30 12:40:00,3.29,,United Kingdom
564840,22530,MAGIC DRAWING SLATE DOLLY GIRL ,1,2011-08-30 12:49:00,0.83,,United Kingdom
564860,21669,BLUE STRIPE CERAMIC DRAWER KNOB,12,2011-08-31 10:06:00,1.25,17725,United Kingdom
564965,23293,SET OF 12 FAIRY CAKE BAKING CASES,8,2011-08-31 15:07:00,0.83,17677,United Kingdom
565150,17038,PORCELAIN BUDAH INCENSE HOLDER,100,2011-09-01 14:26:00,0.07,14298,United Kingdom
C565284,22423,REGENCY CAKESTAND 3 TIER,-6,2011-09-02 11:31:00,10.95,12471,Germany
565329,22505,MEMO BOARD COTTAGE DESIGN,1,2011-09-02 13:54:00,4.95,14606,United Kingdom
565378,21041,RED RETROSPOT OVEN GLOVE DOUBLE,1,2011-09-02 15:16:00,6.63,,United Kingdom
565396,20726,LUNCH BAG WOODLAND,1,2011-09-02 16:39:00,4.13,,United Kingdom
565447,21212,PACK OF 72 RETROSPOT CAKE CASES,24,2011-09-04 15:20:00,0.55,14107,United Kingdom
565457,22112,CHOCOLATE HOT WATER BOTTLE,6,2011-09-05 09:07:00,4.95,14565,United Kingdom
565542,23201,JUMBO BAG ALPHABET,10,2011-09-05 12:06:00,1.95,16820,United Kingdom
565580,23333,IVORY WICKER HEART MEDIUM,24,2011-09-05 12:36:00,1.25,13851,United Kingdom
565616,23311,VINTAGE CHRISTMAS STOCKING ,6,2011-09-05 15:26:00,2.55,15238,United Kingdom
565649,22260,FELT EGG COSY BLUE RABBIT ,3,2011-09-05 16:27:00,0.85,16712,United Kingdom
565749,23166,MEDIUM CERAMIC TOP STORAGE JAR,48,2011-09-06 12:44:00,1.04,14156,EIRE
565808,23110,PARISIENNE KEY CABINET ,4,2011-09-07 10:56:00,5.75,16843,United Kingdom
565865,23190,BUNDLE OF 3 SCHOOL EXERCISE BOOKS  ,12,2011-09-07 15:07:00,1.65,12637,France
565915,22602,RETROSPOT WOODEN HEART DECORATION,10,2011-09-07 15:52:00,0.85,15752,United Kingdom
565919,21110,LARGE CAKE TOWEL PINK SPOTS,8,2011-09-07 16:48:00,1.95,,United Kingdom
566014,21935,SUKI  SHOULDER BAG,30,2011-09-08 12:16:00,1.65,14688,United Kingdom
566061,23292,SPACEBOY CHILDRENS CUP,8,2011-09-08 15:36:00,1.25,13267,United Kingdom
C566084,22698,PINK REGENCY TEACUP AND SAUCER,-3,2011-09-09 10:11:00,2.95,12621,Germany
566164,84997d,CHILDRENS CUTLERY POLKADOT PINK,4,2011-09-09 11:56:00,8.29,,United Kingdom
566193,22892,SET OF SALT AND PEPPER TOADSTOOLS,12,2011-09-09 13:37:00,1.25,14961,United Kingdom
566220,22306,SILVER MUG BONE CHINA TREE OF LIFE,36,2011-09-09 15:53:00,1.06,15251,United Kingdom
566275,22497,SET OF 2 TINS VINTAGE BATHROOM ,1,2011-09-11 13:58:00,4.25,16549,United Kingdom
566305,22835,HOT WATER BOTTLE I AM SO POORLY,4,2011-09-12 09:26:00,4.95,14110,United Kingdom
566408,23241,TREASURE TIN GYMKHANA DESIGN,2,2011-09-12 13:43:00,2.08,16984,United Kingdom
566557,23064,CINDERELLA CHANDELIER ,4,2011-09-13 11:47:00,41.75,14646,Netherlands
566566,22457,NATURAL SLATE HEART CHALKBOARD ,1,2011-09-13 12:32:00,5.79,14096,United Kingdom
566602,21789,KIDS RAIN MAC PINK,1,2011-09-13 16:05:00,1.63,,United Kingdom
566602,21993,FLORAL FOLK STATIONERY SET,1,2011-09-13 16:05:00,2.46,,United Kingdom
566616,22090,PAPER BUNTING RETROSPOT,6,2011-09-14 08:35:00,2.95,12895,United Kingdom
566708,22197,POPCORN HOLDER,100,2011-09-14 11:55:00,0.72,13078,United Kingdom
566720,85099B,JUMBO BAG RED RETROSPOT,1,2011-09-14 12:42:00,2.08,13634,United Kingdom
566851,23321,SMALL WHITE HEART OF WICKER,2,2011-09-15 12:16:00,1.65,15573,United Kingdom
567099,22676,FRENCH BLUE METAL DOOR SIGN 1,3,2011-09-16 13:31:00,1.25,15311,United Kingdom
567126,20677,PINK POLKADOT BOWL,3,2011-09-16 13:53:00,1.25,17238,United Kingdom
567142,23389,SPACEBOY MINI BACKPACK,4,2011-09-16 14:55:00,4.15,14262,United Kingdom
567167,23412,HEART MIRROR ANTIQUE WHITE,1,2011-09-18 12:21:00,7.5,15547,United Kingdom
567183,22197,POPCORN HOLDER,40,2011-09-18 15:33:00,0.85,14769,United Kingdom
567186,22150,3 STRIPEY MICE FELTCRAFT,2,2011-09-18 16:04:00,1.95,17073,United Kingdom
567197,22327,ROUND SNACK BOXES SET OF 4 SKULLS,6,2011-09-19 10:10:00,2.95,14934,Channel Islands
567375,21790,VINTAGE SNAP CARDS,12,2011-09-20 09:45:00,0.85,14766,United Kingdom
567474,22992,REVOLVER WOODEN RULER ,6,2011-09-20 12:53:00,1.95,13448,United Kingdom
567616,22961,JAM MAKING SET PRINTED,12,2011-09-21 12:23:00,1.45,14911,EIRE
567656,22064,PINK DOUGHNUT TRINKET POT ,1,2011-09-21 14:40:00,3.29,14096,United Kingdom
567668,21949,SET OF 6 STRAWBERRY CHOPSTICKS,1,2011-09-21 15:29:00,2.46,,United Kingdom
567670,23355,HOT WATER BOTTLE KEEP CALM,1,2011-09-21 15:32:00,10.79,,United Kingdom
567673,22133,PINK LOVE HEART SHAPE CUP,1,2011-09-21 15:43:00,1.63,,United Kingdom
567797,22489,PACK OF 12 TRADITIONAL CRAYONS,24,2011-09-22 11:49:00,0.42,16735,United Kingdom
567817,23343,JUMBO BAG VINTAGE CHRISTMAS ,4,2011-09-22 12:41:00,2.08,15005,United Kingdom
567818,23293,SET OF 12 FAIRY CAKE BAKING CASES,1,2011-09-22 12:41:00,0.83,14395,United Kingdom
567972,22595,GINGHAM HEART DECORATION,24,2011-09-23 10:14:00,0.85,13949,United Kingdom
567981,82583,HOT BATHS METAL SIGN,3,2011-09-23 11:22:00,4.96,,United Kingdom
568134,22027,TEA PARTY BIRTHDAY CARD,1,2011-09-23 17:02:00,0.83,,United Kingdom
568167,23133,LARGE IVORY HEART WALL ORGANISER,2,2011-09-25 12:45:00,8.25,15706,United Kingdom
568185,85066,CREAM SWEETHEART MINI CHEST,1,2011-09-25 14:08:00,12.75,16594,United Kingdom
568326,22622,BOX OF VINTAGE ALPHABET BLOCKS,2,2011-09-26 14:00:00,11.95,13200,United Kingdom
568327,21915,RED  HARMONICA IN BOX ,12,2011-09-26 14:02:00,1.25,15492,United Kingdom
568346,22173,METAL 4 HOOK HANGER FRENCH CHATEAU,1,2011-09-26 15:28:00,5.79,14096,United Kingdom
568393,22080,RIBBON REEL POLKADOTS ,10,2011-09-27 10:12:00,1.65,15754,United Kingdom
568553,23145,ZINC T-LIGHT HOLDER STAR LARGE,12,2011-09-27 15:17:00,0.95,15674,United Kingdom
568567,23241,TREASURE TIN GYMKHANA DESIGN,2,2011-09-27 18:41:00,4.13,,United Kingdom
568650,21675,BUTTERFLIES STICKERS,24,2011-09-28 11:56:00,0.85,13505,Switzerland
568657,23286,BLUE VINTAGE SPOT BEAKER,1,2011-09-28 12:22:00,0.85,16460,United Kingdom
568666,17003,BROCADE RING PURSE ,720,2011-09-28 12:54:00,0.16,14609,United Kingdom
568716,22613,PACK OF 20 SPACEBOY NAPKINS,1,2011-09-28 16:13:00,1.63,,United Kingdom
568721,23397,FOOT STOOL HOME SWEET HOME ,1,2011-09-28 16:24:00,19.96,,United Kingdom
568780,23220,REINDEER HEART DECORATION GOLD,12,2011-09-29 08:27:00,0.83,18235,United Kingdom
568883,35970,ZINC FOLKART SLEIGH BELLS,24,2011-09-29 12:43:00,1.69,18198,United Kingdom
569126,23249,VINTAGE RED ENAMEL TRIM PLATE,36,2011-09-30 13:28:00,1.65,13347,United Kingdom
569218,21985,PACK OF 12 HEARTS DESIGN TISSUES ,12,2011-10-02 12:47:00,0.39,15952,United Kingdom
569219,22910,PAPER CHAIN KIT VINTAGE CHRISTMAS,1,2011-10-02 13:01:00,2.95,13558,United Kingdom
569246,22041,"RECORD FRAME 7"" SINGLE SIZE ",2,2011-10-03 09:57:00,4.96,14096,United Kingdom
569252,23118,PARISIENNE JEWELLERY DRAWER ,2,2011-10-03 10:38:00,7.5,14333,United Kingdom
569254,84596B,SMALL DOLLY MIX DESIGN ORANGE BOWL,2,2011-10-03 11:00:00,0.42,18116,United Kingdom
569332,23202,JUMBO BAG VINTAGE LEAF,1,2011-10-03 13:46:00,2.08,12637,France
569374,21673,WHITE SPOT BLUE CERAMIC DRAWER KNOB,2,2011-10-03 16:14:00,3.29,,United Kingdom
569383,48185,DOORMAT FAIRY CAKE,10,2011-10-03 16:46:00,7.08,15159,United Kingdom
569401,23284,DOORMAT KEEP CALM AND COME IN,2,2011-10-04 08:56:00,8.25,15111,United Kingdom
569406,22577,WOODEN HEART CHRISTMAS SCANDINAVIAN,48,2011-10-04 09:09:00,0.29,16253,United Kingdom
569460,84380,SET OF 3 BUTTERFLY COOKIE CUTTERS,12,2011-10-04 11:33:00,1.45,13895,United Kingdom
C569485,23241,TREASURE TIN GYMKHANA DESIGN,-2,2011-10-04 12:47:00,2.08,12705,Germany
569629,35970,ZINC FOLKART SLEIGH BELLS,12,2011-10-05 11:37:00,1.69,15249,United Kingdom
569640,23159,SET OF 5 PANCAKE DAY MAGNETS,24,2011-10-05 12:25:00,2.08,12471,Germany
569667,23399,HOME SWEET HOME HANGING HEART,12,2011-10-05 13:42:00,0.85,17521,United Kingdom
569861,21531,RED RETROSPOT SUGAR JAM BOWL,6,2011-10-06 14:37:00,2.55,13816,Germany
569893,22692,DOORMAT WELCOME TO OUR HOME,2,2011-10-06 15:51:00,8.25,12627,Germany
569904,22652,TRAVEL SEWING KIT,10,2011-10-06 16:27:00,1.65,13023,United Kingdom
569983,23393,HOME SWEET HOME CUSHION COVER ,2,2011-10-06 19:49:00,3.75,17231,United Kingdom
570002,22193,RED DINER WALL CLOCK,12,2011-10-07 09:16:00,7.65,12477,Germany
570009,22866,HAND WARMER SCOTTY DOG DESIGN,12,2011-10-07 09:38:00,2.1,14138,United Kingdom
570049,22943,CHRISTMAS LIGHTS 10 VINTAGE BAUBLES,2,2011-10-07 10:55:00,4.95,17228,United Kingdom
570093,23268,SET OF 2 CERAMIC CHRISTMAS REINDEER,1,2011-10-07 11:55:00,1.45,18096,United Kingdom
570097,20971,PINK BLUE FELT CRAFT TRINKET BOX,1296,2011-10-07 12:05:00,1.06,16029,United Kingdom
570116,23199,JUMBO BAG APPLES,2,2011-10-07 12:38:00,2.08,12856,United Kingdom
570225,23294,SET OF 6 SNACK LOAF BAKING CASES,4,2011-10-09 13:15:00,0.83,16595,United Kingdom
570348,22666,RECIPE BOX PANTRY YELLOW DESIGN,6,2011-10-10 12:28:00,2.95,16982,United Kingdom
570420,21122,SET/10 PINK POLKADOT PARTY CANDLES,1,2011-10-10 13:33:00,1.25,17841,United Kingdom
570512,22690,DOORMAT HOME SWEET HOME BLUE ,10,2011-10-11 10:31:00,7.08,14952,United Kingdom
570672,22204,MILK PAN BLUE POLKADOT,4,2011-10-11 14:52:00,3.75,12536,France
570672,22273,FELTCRAFT DOLL MOLLY,6,2011-10-11 14:52:00,2.95,12536,France
570690,22993,SET OF 4 PANTRY JELLY MOULDS,2,2011-10-11 16:37:00,2.46,,United Kingdom
C570867,22706,WRAP COWBOYS  ,-25,2011-10-12 16:17:00,0.42,12607,USA
570872,22494,EMERGENCY FIRST AID TIN ,1,2011-10-12 16:40:00,2.46,,United Kingdom
570880,23438, RED SPOT GIFT BAG LARGE,12,2011-10-13 09:16:00,1.25,14291,United Kingdom
571082,22419,LIPSTICK PEN RED,1,2011-10-13 15:25:00,0.83,,United Kingdom
571185,85049E,SCANDINAVIAN REDS RIBBONS,12,2011-10-14 11:15:00,1.25,13047,United Kingdom
571221,20974,12 PENCILS SMALL TUBE SKULL,4,2011-10-14 13:35:00,0.65,16416,United Kingdom
571229,22187,GREEN CHRISTMAS TREE CARD HOLDER,4,2011-10-14 14:04:00,1.95,15453,United Kingdom
571265,23354,6 GIFT TAGS 50'S CHRISTMAS ,2,2011-10-16 11:31:00,0.83,16674,United Kingdom
571280,22382,LUNCH BAG SPACEBOY DESIGN ,3,2011-10-16 13:08:00,1.65,18122,United Kingdom
571296,22306,SILVER MUG BONE CHINA TREE OF LIFE,12,2011-10-16 16:13:00,1.06,13760,United Kingdom
571441,22904,CALENDAR PAPER CUT DESIGN,2,2011-10-17 13:31:00,5.79,14096,United Kingdom
571444,22840,ROUND CAKE TIN VINTAGE RED,2,2011-10-17 13:44:00,7.95,18179,United Kingdom
571498,22794,SWEETHEART WIRE MAGAZINE RACK,1,2011-10-17 15:06:00,7.95,17841,United Kingdom
571671,23301,GARDENERS KNEELING PAD KEEP CALM ,6,2011-10-18 13:15:00,1.65,16940,United Kingdom
571705,22554,PLASTERS IN TIN WOODLAND ANIMALS,12,2011-10-18 15:22:00,1.65,12360,Austria
571713,23352,ROLL WRAP 50'S RED CHRISTMAS ,3,2011-10-18 16:58:00,2.46,,United Kingdom
571713,84978,HANGING HEART JAR T-LIGHT HOLDER,3,2011-10-18 16:58:00,2.46,,United Kingdom
571733,23457,LARGE PARLOUR PICTURE FRAME,3,2011-10-19 09:59:00,4.95,16187,United Kingdom
571747,22553,PLASTERS IN TIN SKULLS,12,2011-10-19 10:59:00,1.65,13849,United Kingdom
571824,16161U,WRAP SUKI AND FRIENDS,25,2011-10-19 11:49:00,0.42,12472,Germany
571883,21136,PAINTED METAL PEARS ASSORTED,1,2011-10-19 13:58:00,1.69,14704,United Kingdom
572066,22610,PENS ASSORTED FUNNY FACE,36,2011-10-20 13:07:00,0.19,15159,United Kingdom
572186,23069,EDWARDIAN PHOTO FRAME,6,2011-10-21 10:55:00,6.25,16497,United Kingdom
572195,21172,PARTY METAL SIGN ,3,2011-10-21 11:49:00,1.45,14562,United Kingdom
572214,72351A,SET/6 TURQUOISE BUTTERFLY T-LIGHTS,6,2011-10-21 12:50:00,2.1,16918,United Kingdom
572229,23344,JUMBO BAG 50'S CHRISTMAS ,10,2011-10-21 14:23:00,2.08,14329,United Kingdom
572288,47566B,TEA TIME PARTY BUNTING,5,2011-10-23 12:28:00,4.95,17377,United Kingdom
572309,21809,CHRISTMAS HANGING TREE WITH BELL,2,2011-10-23 15:29:00,0.39,14432,United Kingdom
572311,22804,PINK HANGING HEART T-LIGHT HOLDER,3,2011-10-23 15:45:00,2.95,14035,United Kingdom
572318,23167,SMALL CERAMIC TOP STORAGE JAR ,9,2011-10-23 16:19:00,0.83,15436,United Kingdom
572353,21915,RED  HARMONICA IN BOX ,12,2011-10-24 11:40:00,1.25,15215,United Kingdom
572475,22090,PAPER BUNTING RETROSPOT,1,2011-10-24 13:37:00,2.95,15271,United Kingdom
572499,23489,VINTAGE BELLS GARLAND,6,2011-10-24 14:10:00,2.89,15786,United Kingdom
572550,21494,ROTATING LEAVES T-LIGHT HOLDER,2,2011-10-24 17:06:00,2.46,,United Kingdom
572550,22579,WOODEN TREE CHRISTMAS SCANDINAVIAN,4,2011-10-24 17:06:00,0.83,,United Kingdom
572569,21263,GREEN GOOSE FEATHER TREE 60CM,6,2011-10-25 10:32:00,1.95,17870,United Kingdom
572651,22992,REVOLVER WOODEN RULER ,12,2011-10-25 12:06:00,1.95,17350,United Kingdom
572669,23212,HEART WREATH DECORATION WITH BELL,1,2011-10-25 13:10:00,1.25,16549,United Kingdom
572669,84991,60 TEATIME FAIRY CAKE CASES,2,2011-10-25 13:10:00,0.55,16549,United Kingdom
572861,23034,DRAWER KNOB CERAMIC BLACK,6,2011-10-26 12:46:00,1.45,14102,United Kingdom
572872,22070,SMALL RED RETROSPOT MUG IN BOX ,2,2011-10-26 13:27:00,3.75,15320,United Kingdom
572922,22610,PENS ASSORTED FUNNY FACE,36,2011-10-26 17:00:00,0.19,17895,United Kingdom
572969,21619,4 VANILLA BOTANICAL CANDLES,12,2011-10-27 10:46:00,1.25,13363,United Kingdom
573068,85099B,JUMBO BAG RED RETROSPOT,1,2011-10-27 13:56:00,2.08,17545,United Kingdom
573137,22952,60 CAKE CASES VINTAGE CHRISTMAS,1,2011-10-27 17:15:00,1.25,,United Kingdom
573326,22375,AIRLINE BAG VINTAGE JET SET BROWN,4,2011-10-30 11:08:00,4.25,15298,United Kingdom
573331,47566,PARTY BUNTING,5,2011-10-30 11:25:00,4.95,15860,United Kingdom
573338,22835,HOT WATER BOTTLE I AM SO POORLY,1,2011-10-30 11:47:00,4.95,14546,United Kingdom
573362,22720,SET OF 3 CAKE TINS PANTRY DESIGN ,3,2011-10-30 13:06:00,4.95,12597,Spain
573486,72232,FENG SHUI PILLAR CANDLE,48,2011-10-31 11:40:00,0.19,13186,United Kingdom
573548,84970L,SINGLE HEART ZINC T-LIGHT HOLDER,6,2011-10-31 13:22:00,1.25,13680,United Kingdom
573551,23118,PARISIENNE JEWELLERY DRAWER ,2,2011-10-31 13:35:00,7.5,15044,United Kingdom
573552,23083,SET 6 PAPER TABLE LANTERN STARS ,6,2011-10-31 13:43:00,3.75,13203,United Kingdom
573576,22625,RED KITCHEN SCALES,1,2011-10-31 14:09:00,16.63,14096,United Kingdom
573576,23188,VINTAGE  2 METRE FOLDING RULER,1,2011-10-31 14:09:00,3.29,14096,United Kingdom
573585,22636,CHILDS BREAKFAST SET CIRCUS PARADE,1,2011-10-31 14:41:00,16.63,,United Kingdom
573585,23119,PACK OF 6 LARGE FRUIT STRAWS ,2,2011-10-31 14:41:00,1.25,,United Kingdom
573780,22396,MAGNETS PACK OF 4 RETRO PHOTO,12,2011-11-01 11:12:00,0.39,17503,United Kingdom
573814,47503A,ASS FLORAL PRINT MULTI SCREWDRIVER,24,2011-11-01 11:31:00,0.42,13268,United Kingdom
573868,23367,SET 12 COLOUR PENCILS SPACEBOY ,16,2011-11-01 12:18:00,0.65,12491,France
573876,23191,BUNDLE OF 3 RETRO NOTE BOOKS,2,2011-11-01 12:48:00,1.65,16360,United Kingdom
573904,23513,EMBROIDERED RIBBON REEL SUSIE ,2,2011-11-01 14:54:00,2.08,14505,United Kingdom
574034,85045,GREEN CHRISTMAS TREE STRING 20LIGHT,2,2011-11-02 12:45:00,4.95,17841,United Kingdom
574052,22382,LUNCH BAG SPACEBOY DESIGN ,1,2011-11-02 13:50:00,1.65,16706,United Kingdom
574063,22186,RED STAR CARD HOLDER,2,2011-11-02 14:31:00,1.95,13271,United Kingdom
574074,85170B,SET/6 BLACK BIRD T-LIGHT CANDLES,1,2011-11-02 15:33:00,4.13,,United Kingdom
574098,21055,TOOL BOX SOFT TOY ,2,2011-11-03 10:03:00,8.95,16337,United Kingdom
574278,22467,GUMBALL COAT RACK,6,2011-11-03 14:42:00,2.55,15814,United Kingdom
574310,21114,LAVENDER SCENTED FABRIC HEART,10,2011-11-03 16:56:00,1.25,13467,United Kingdom
574321,23491,VINTAGE JINGLE BELLS HEART,3,2011-11-03 19:28:00,8.25,16016,United Kingdom
574471,23247,BISCUIT TIN 50'S CHRISTMAS,6,2011-11-04 11:59:00,2.89,17677,United Kingdom
574511,22694,WICKER STAR ,6,2011-11-04 13:26:00,2.1,15597,United Kingdom
574532,23502,PLAYING CARDS VINTAGE DOILY ,12,2011-11-04 14:19:00,1.25,15676,United Kingdom
574547,21558,SKULL LUNCH BOX WITH CUTLERY ,1,2011-11-04 15:08:00,2.55,17841,United Kingdom
574670,22189,CREAM HEART CARD HOLDER,2,2011-11-06 12:20:00,3.95,12838,United Kingdom
574671,85049G,CHOCOLATE BOX RIBBONS ,1,2011-11-06 12:23:00,1.25,16744,United Kingdom
574679,23392,SPACEBOY ROCKET LOLLY MAKERS,6,2011-11-06 12:38:00,2.08,12645,Germany
574680,23201,JUMBO BAG ALPHABET,10,2011-11-06 12:40:00,2.08,15078,United Kingdom
574692,82583,HOT BATHS METAL SIGN,3,2011-11-06 13:28:00,2.1,16771,United Kingdom
574695,22470,HEART OF WICKER LARGE,1,2011-11-06 13:37:00,2.95,17114,United Kingdom
574707,23681,LUNCH BAG RED VINTAGE DOILY,20,2011-11-06 14:08:00,1.65,17107,United Kingdom
574716,22846,BREAD BIN DINER STYLE RED ,1,2011-11-06 14:33:00,16.95,14502,United Kingdom
574750,20971,PINK BLUE FELT CRAFT TRINKET BOX,12,2011-11-07 09:12:00,1.25,17164,United Kingdom
574842,23355,HOT WATER BOTTLE KEEP CALM,4,2011-11-07 11:55:00,4.95,13890,United Kingdom
574856,23163,REGENCY SUGAR TONGS,1,2011-11-07 12:06:00,4.96,,United Kingdom
574890,20725,LUNCH BAG RED RETROSPOT,100,2011-11-07 14:23:00,1.45,18229,United Kingdom
574901,21669,BLUE STRIPE CERAMIC DRAWER KNOB,24,2011-11-07 15:15:00,1.45,17158,United Kingdom
574923,23309,SET OF 60 I LOVE LONDON CAKE CASES ,1,2011-11-07 16:40:00,0.55,17757,United Kingdom
574950,85049A,TRADITIONAL CHRISTMAS RIBBONS,1,2011-11-08 09:29:00,2.46,,United Kingdom
575034,22654,DELUXE SEWING KIT ,1,2011-11-08 11:38:00,5.95,15573,United Kingdom
575176,22163,HEART STRING MEMO HOLDER HANGING,3,2011-11-08 18:29:00,1.63,,United Kingdom
575176,22565,FELTCRAFT HAIRBANDS PINK AND WHITE ,1,2011-11-08 18:29:00,1.63,,United Kingdom
575177,22141,CHRISTMAS CRAFT TREE TOP ANGEL,1,2011-11-08 18:41:00,4.13,,United Kingdom
575177,23368,SET 12 COLOUR PENCILS DOLLY GIRL ,1,2011-11-08 18:41:00,1.25,,United Kingdom
575298,22196,SMALL HEART MEASURING SPOONS,1,2011-11-09 12:29:00,0.85,17841,United Kingdom
575300,22633,HAND WARMER UNION JACK,12,2011-11-09 12:30:00,2.1,13804,United Kingdom
575324,22699,ROSES REGENCY TEACUP AND SAUCER ,6,2011-11-09 13:45:00,2.95,14240,United Kingdom
575329,22633,HAND WARMER UNION JACK,1,2011-11-09 13:50:00,2.1,17038,United Kingdom
575481,22384,LUNCH BAG PINK POLKADOT,10,2011-11-09 16:28:00,1.65,15679,United Kingdom
575512,21912,VINTAGE SNAKES & LADDERS,4,2011-11-10 10:36:00,3.75,14121,United Kingdom
575516,21175,GIN + TONIC DIET METAL SIGN,12,2011-11-10 10:45:00,2.55,17340,United Kingdom
575607,21947,SET OF 6 HEART CHOPSTICKS,2,2011-11-10 12:37:00,2.46,14096,United Kingdom
C575672,23565,EGG CUP MILKMAID HELGA ,-4,2011-11-10 15:03:00,1.25,13098,United Kingdom
575737,22645,CERAMIC HEART FAIRY CAKE MONEY BANK,12,2011-11-11 08:59:00,1.45,14789,United Kingdom
575840,20682,RED RETROSPOT CHILDRENS UMBRELLA,1,2011-11-11 11:56:00,3.25,13137,United Kingdom
575848,21704,BAG 250g SWIRLY MARBLES,5,2011-11-11 12:10:00,0.85,14178,United Kingdom
575875,22075,6 RIBBONS ELEGANT CHRISTMAS ,7,2011-11-11 13:06:00,1.63,,United Kingdom
575898,84029E,RED WOOLLY HOTTIE WHITE HEART.,3,2011-11-11 15:08:00,4.25,16368,United Kingdom
575923,23344,JUMBO BAG 50'S CHRISTMAS ,10,2011-11-11 17:11:00,2.08,17069,United Kingdom
575930,22207,FRYING PAN UNION FLAG,2,2011-11-11 17:58:00,8.29,,United Kingdom
575985,22429,ENAMEL MEASURING JUG CREAM,1,2011-11-13 14:09:00,4.25,17841,United Kingdom
575985,22766,PHOTO FRAME CORNICE,1,2011-11-13 14:09:00,2.95,17841,United Kingdom
576062,22382,LUNCH BAG SPACEBOY DESIGN ,3,2011-11-13 15:30:00,1.65,12867,United Kingdom
576176,22577,WOODEN HEART CHRISTMAS SCANDINAVIAN,6,2011-11-14 11:04:00,0.29,16936,United Kingdom
576212,23298,SPOTTY BUNTING,1,2011-11-14 12:45:00,4.95,18082,United Kingdom
576236,85183B,CHARLIE & LOLA WASTEPAPER BIN FLORA,2,2011-11-14 13:31:00,1.25,13755,United Kingdom
576256,22739,RIBBON REEL CHRISTMAS SOCK BAUBLE,1,2011-11-14 14:09:00,1.65,15953,United Kingdom
576649,20728,LUNCH BAG CARS BLUE,10,2011-11-16 10:32:00,1.65,16008,United Kingdom
576654,21935,SUKI  SHOULDER BAG,3,2011-11-16 10:55:00,1.65,15584,United Kingdom
576665,85059,FRENCH ENAMEL WATER BASIN,1,2011-11-16 11:46:00,3.75,17841,United Kingdom
576778,23131,MISTLETOE HEART WREATH CREAM,1,2011-11-16 13:24:00,4.15,16085,United Kingdom
576837,35964,FOLKART CLIP ON STARS,14,2011-11-16 15:16:00,0.83,,United Kingdom
576840,21381,MINI WOODEN HAPPY BIRTHDAY GARLAND,1,2011-11-16 15:23:00,3.29,,United Kingdom
576840,21877,HOME SWEET HOME MUG,1,2011-11-16 15:23:00,3.29,,United Kingdom
576863,22551,PLASTERS IN TIN SPACEBOY,12,2011-11-16 16:06:00,1.65,12626,Germany
576864,22383,LUNCH BAG SUKI DESIGN ,1,2011-11-16 16:06:00,1.65,12748,United Kingdom
576867,23404,HOME SWEET HOME BLACKBOARD,6,2011-11-16 16:18:00,4.95,13012,United Kingdom
577031,21929,JUMBO BAG PINK VINTAGE PAISLEY,10,2011-11-17 13:00:00,2.08,15298,United Kingdom
577101,20969,RED FLORAL FELTCRAFT SHOULDER BAG,4,2011-11-17 16:51:00,3.75,13138,United Kingdom
577142,23203,JUMBO BAG VINTAGE DOILY ,10,2011-11-18 09:19:00,2.08,13985,United Kingdom
577167,23439,HAND WARMER RED LOVE HEART,4,2011-11-18 10:41:00,2.1,16511,United Kingdom
577230,21819,GLITTER CHRISTMAS STAR ,2,2011-11-18 12:08:00,0.39,18034,United Kingdom
577500,22911,PAPER CHAIN KIT LONDON,1,2011-11-20 12:30:00,2.95,14052,United Kingdom
577504,22995,TRAVEL CARD WALLET SUKI,6,2011-11-20 12:36:00,0.42,14159,United Kingdom
577524,23491,VINTAGE JINGLE BELLS HEART,1,2011-11-20 13:33:00,8.25,16905,United Kingdom
577554,23430,BLUE RETRO KITCHEN WALL CLOCK,1,2011-11-20 15:35:00,8.15,15533,United Kingdom
577594,23242,TREASURE TIN BUFFALO BILL ,6,2011-11-20 16:07:00,2.08,13142,United Kingdom
577606,22057,CERAMIC PLATE STRAWBERRY DESIGN,12,2011-11-21 09:11:00,1.49,12462,Spain
577609,23545,WRAP RED VINTAGE DOILY,25,2011-11-21 09:51:00,0.42,12349,Italy
577755,23229,VINTAGE DONKEY TAIL GAME ,6,2011-11-21 14:49:00,3.75,17010,United Kingdom
578024,23355,HOT WATER BOTTLE KEEP CALM,4,2011-11-22 13:27:00,4.95,12705,Germany
578053,22841,ROUND CAKE TIN VINTAGE GREEN,2,2011-11-22 14:59:00,7.95,14422,United Kingdom
578074,23109,PACK OF SIX LED TEA LIGHTS,6,2011-11-22 16:06:00,2.89,17590,United Kingdom
578146,22727,ALARM CLOCK BAKELIKE RED ,4,2011-11-23 11:07:00,3.75,13742,United Kingdom
578244,23476,WOODLAND LARGE RED FELT HEART,12,2011-11-23 12:36:00,1.25,15727,United Kingdom
578270,22421,LIPSTICK PEN FUSCHIA,1,2011-11-23 13:39:00,0.83,14096,United Kingdom
578335,23311,VINTAGE CHRISTMAS STOCKING ,6,2011-11-24 09:06:00,2.55,17481,United Kingdom
578688,22942,CHRISTMAS LIGHTS 10 SANTAS ,1,2011-11-25 09:27:00,8.5,16719,United Kingdom
578746,20677,PINK POLKADOT BOWL,4,2011-11-25 11:36:00,2.46,,United Kingdom
578757,20963,APPLE BATH SPONGE,10,2011-11-25 11:41:00,1.25,12748,United Kingdom
578858,22043,CHRISTMAS CARD SCREEN PRINT ,36,2011-11-27 11:22:00,0.19,18145,United Kingdom
578858,23266,SET OF 3 WOODEN STOCKING DECORATION,2,2011-11-27 11:22:00,1.25,18145,United Kingdom
578927,22386,JUMBO BAG PINK POLKADOT,3,2011-11-27 12:26:00,2.08,15747,United Kingdom
578928,23318,BOX OF 6 MINI VINTAGE CRACKERS,5,2011-11-27 12:29:00,2.49,15443,United Kingdom
578940,22110,BIRD HOUSE HOT WATER BOTTLE,3,2011-11-27 13:18:00,5.79,,United Kingdom
579116,23371,SET 36 COLOUR PENCILS SPACEBOY ,2,2011-11-28 11:54:00,1.25,17346,United Kingdom
579129,22619,SET OF 6 SOLDIER SKITTLES,2,2011-11-28 12:31:00,3.75,17852,United Kingdom
579146,23356,LOVE HOT WATER BOTTLE,1,2011-11-28 13:14:00,5.95,16347,United Kingdom
579187,23433,HANGING QUILTED PATCHWORK APPLES,1,2011-11-28 15:31:00,10.79,,United Kingdom
579196,22099,CARAVAN SQUARE TISSUE BOX,2,2011-11-28 15:54:00,2.46,14096,United Kingdom
579300,21034,REX CASH+CARRY JUMBO SHOPPER,3,2011-11-29 11:30:00,0.95,14667,United Kingdom
579440,23580,SNACK TRAY HAPPY FOREST  ,8,2011-11-29 13:32:00,1.95,14388,United Kingdom
579458,21523,DOORMAT FANCY FONT HOME SWEET HOME,1,2011-11-29 14:38:00,8.25,16549,United Kingdom
579497,85152,HAND OVER THE CHOCOLATE   SIGN ,1,2011-11-29 15:39:00,2.1,14349,United Kingdom
579501,22940,FELTCRAFT CHRISTMAS FAIRY,8,2011-11-29 16:16:00,3.75,14088,United Kingdom
579508,22741,FUNKY DIVA PEN,6,2011-11-29 16:33:00,1.63,,United Kingdom
579508,22815,CARD PSYCHEDELIC APPLES,2,2011-11-29 16:33:00,0.42,,United Kingdom
579508,23229,VINTAGE DONKEY TAIL GAME ,1,2011-11-29 16:33:00,7.46,,United Kingdom
579508,85152,HAND OVER THE CHOCOLATE   SIGN ,1,2011-11-29 16:33:00,4.13,,United Kingdom
579512,22578,WOODEN STAR CHRISTMAS SCANDINAVIAN,11,2011-11-29 16:47:00,0.83,,United Kingdom
579540,48138,DOORMAT UNION FLAG,2,2011-11-30 10:11:00,8.25,13658,United Kingdom
579557,21154,RED RETROSPOT OVEN GLOVE ,1,2011-11-30 11:18:00,6.54,,United Kingdom
579600,21930,JUMBO STORAGE BAG SKULLS,10,2011-11-30 12:00:00,2.08,13647,United Kingdom
579634,23493,VINTAGE DOILY TRAVEL SEWING KIT,10,2011-11-30 12:18:00,1.95,12598,France
579690,21034,REX CASH+CARRY JUMBO SHOPPER,2,2011-11-30 14:03:00,0.95,15060,United Kingdom
579991,21238,RED RETROSPOT CUP,8,2011-12-01 11:20:00,0.85,13159,United Kingdom
580021,22328,ROUND SNACK BOXES SET OF 4 FRUITS ,6,2011-12-01 11:43:00,2.95,14047,United Kingdom
580054,22743,MAKE YOUR OWN FLOWERPOWER CARD KIT,1,2011-12-01 13:08:00,2.95,18122,United Kingdom
580101,23480,MINI LIGHTS WOODLAND MUSHROOMS,4,2011-12-01 15:12:00,3.75,15144,United Kingdom
580136,84849D,HOT BATHS SOAP HOLDER,2,2011-12-01 19:42:00,1.69,17841,United Kingdom
580163,46776C,WOVEN FROST CUSHION COVER,2,2011-12-02 11:12:00,4.95,12828,United Kingdom
580208,46000M,POLYESTER FILLER PAD 45x45cm,4,2011-12-02 12:07:00,1.55,13468,United Kingdom
580256,22138,BAKING SET 9 PIECE RETROSPOT ,5,2011-12-02 12:24:00,4.95,14688,United Kingdom
580276,22865,HAND WARMER OWL DESIGN,5,2011-12-02 12:59:00,2.1,16426,United Kingdom
580308,23513,EMBROIDERED RIBBON REEL SUSIE ,6,2011-12-02 14:30:00,2.08,14250,United Kingdom
580612,22361,GLASS JAR DAISY FRESH COTTON WOOL,1,2011-12-05 11:58:00,5.79,,United Kingdom
580612,22645,CERAMIC HEART FAIRY CAKE MONEY BANK,5,2011-12-05 11:58:00,4.13,,United Kingdom
580650,22701,PINK DOG BOWL,12,2011-12-05 13:30:00,0.79,14401,United Kingdom
580667,23238,SET OF 4 KNICK KNACK TINS LONDON ,1,2011-12-05 14:19:00,4.15,15031,United Kingdom
580689,22078,RIBBON REEL LACE DESIGN ,10,2011-12-05 15:43:00,2.1,12994,United Kingdom
580691,90214L,"LETTER ""L"" BLING KEY RING",24,2011-12-05 15:48:00,0.29,13790,United Kingdom
580729,17084N,FAIRY DREAMS INCENSE ,1,2011-12-05 17:24:00,0.42,,United Kingdom
580730,22474,SPACEBOY TV DINNER TRAY,1,2011-12-05 17:28:00,10.79,,United Kingdom
580730,23378,PACK OF 12 50'S CHRISTMAS TISSUES,5,2011-12-05 17:28:00,0.83,,United Kingdom
580756,23254,CHILDRENS CUTLERY DOLLY GIRL ,4,2011-12-06 10:19:00,4.15,12723,France
580776,23344,JUMBO BAG 50'S CHRISTMAS ,1,2011-12-06 11:05:00,2.08,14562,United Kingdom
580778,16008,SMALL FOLDING SCISSOR(POINTED EDGE),24,2011-12-06 11:07:00,0.12,16949,United Kingdom
580983,21481,FAWN BLUE HOT WATER BOTTLE,2,2011-12-06 16:26:00,7.46,,United Kingdom
580997,84949,SILVER HANGING T-LIGHT HOLDER,6,2011-12-06 17:23:00,1.65,15023,United Kingdom
581219,23504,PLAYING CARDS JUBILEE UNION JACK,1,2011-12-08 09:28:00,2.46,,United Kingdom
581376,85032B,BLOSSOM IMAGES GIFT WRAP SET,2,2011-12-08 12:43:00,0.65,14719,United Kingdom
581405,15056P,EDWARDIAN PARASOL PINK,1,2011-12-08 13:50:00,5.95,13521,United Kingdom
581439,22380,TOY TIDY SPACEBOY  ,1,2011-12-08 16:30:00,4.13,,United Kingdom
581439,37500,TEA TIME TEAPOT IN GIFT BOX,1,2011-12-08 16:30:00,8.29,,United Kingdom
581496,23350,ROLL WRAP VINTAGE SPOT ,24,2011-12-09 10:20:00,1.25,16558,United Kingdom
581498,20713,JUMBO BAG OWLS,8,2011-12-09 10:26:00,4.13,,United Kingdom
